1	[]
2	['AF']
3	['artist', 'medium', 'combination', 'acrylic', 'wash', 'pencils']
4	['television', 'film']
5	['fencer']
6	['actress']
7	['footballer']
8	['entomologist']
9	['Battle', 'expansion', 'pack', 'role', 'playing', 'game']
10	['municipality', 'district']
11	['writer', 'publisher']
12	['basketball', 'player']
13	['reservoir', 'town', 'community']
14	['leucine', 'zipper', 'enzyme', 'humans', 'gene']
15	['crime', 'film']
16	['shopping', 'mall']
17	['comedy', 'film', 'screenplay', 'story']
18	['TV', 'sponsorship', 'reasons', 'season']
19	['photographer', 'book', 'artist', 'paper', 'engineer', 'pop', 'books', 'photographs']
20	['commune', 'department']
21	['technician', 'rank', 'rank', 'technician', 'technician']
22	['school', '長谷川派', 'school', 'style', 'painting', 'century', 'beginning', 'century']
23	['commune', 'et', 'Vilaine', 'department']
24	['year', 'calendar', 'year', 'calendar']
25	['basketball', 'player']
26	['rapper']
27	['politician', 'businessman']
28	['grid', 'reference', 'SX553679', 'granite', 'tor', 'edge']
29	['soprano', 'career']
30	['philosopher']
31	['governor', 'province', 'roadside', 'bomb']
32	['town', 'municipality']
33	['name', 'tango', 'professional', 'teachers', 'dancers', 'milonguero', 'style']
34	['neighbourhood', 'bank']
35	['gigantea', 'species', 'plant', 'family']
36	['FIVB', 'edition', 'men', 'volleyball', 'tournament', 'countries']
37	['racing', 'cyclist']
38	['competition', 'season']
39	['football', 'midfielder', 'manager']
40	['footballer', 'defender', 'side', 'loan']
41	['neighbourhood', 'city', 'time', 'capital', 'reign']
42	['trade', 'unionist', 'Lab', 'politician']
43	['locality', 'village']
44	['system', 'window', 'manager', 'users', 'window', 'managers']
45	['swimmer', 'category', 'events']
46	['solo', 'country', 'blues', 'ragtime', 'guitarist', 'roots', 'guitarist', 'producer']
47	['football', 'defender']
48	['gram', 'motile', 'bacterium', 'genus']
49	['member']
50	['drink']
51	['art', 'director', 'production', 'designer', 'film', 'industry', 'work', 'films']
52	['Gap', 'battle', 'forces']
53	['poliochyta', 'moth', 'family']
54	['buselaphus', 'lelwel', 'antelope']
55	['terrapin', 'species', 'turtle', 'water']
56	['skink', 'acrinasum', 'species', 'skink', 'endemic', 'temperate', 'forests', 'ecoregion']
57	['soccer', 'player']
58	['events', 'year', 'home', 'video']
59	['長谷部', 'football', 'player', 'manager']
60	['association', 'businessmen', 'prostitution', 'venues']
61	['writer', 'ethnologist', 'anthropologist', 'physician']
62	['metre', 'ft']
63	['Albegov', 'masculine', 'surname']
64	['consimilana', 'privet', 'tortrix', 'moth', 'family']
65	['Doubles', 'edition', 'women', 'doubles', 'championship']
66	['family', 'minute', 'sea', 'snails', 'molluscs', 'group']
67	['sitcom', 'series']
68	['venture', 'a.']
69	['sculptor', 'painter']
70	['Events', 'year']
71	['Exploration', 'Team', 'science', 'fiction', 'novelette', 'writer', 'issue']
72	['rules', 'footballer', 'games']
73	['ships', 'hunt', 'Hunt', 'class', 'minesweeper']
74	['album', 'piano', 'label']
75	['physician', 'humanist', 'journalist']
76	['drama', 'film']
77	['field', 'hockey', 'midfielder', 'debut']
78	['staging', 'establishment']
79	['Snake', 'class', 'junk']
80	['church']
81	[]
82	['jazz', 'saxophonist', 'clarinetist']
83	['Loving', 'song', 'rock', 'band', 'album']
84	['screenwriter']
85	['Marisol', 'del', 'pronunciation', 'maɾiˈsol', 'telenovela', 'actress']
86	['°', '°', 'point', 'mainland']
87	['moth', 'family']
88	[]
89	['member']
90	['way', 'lane']
91	['Football']
92	['cave', 'limestone']
93	['skier', 'ski', 'manufacturer', 'design', 'ski', 'models', 'powder', 'rocker', 'design']
94	[]
95	['timeline', 'history', 'changes', 'events']
96	[]
97	['Vietnamese', 'officer']
98	['season', 'club', 'football', 'tournament']
99	['mountains']
100	['inventor', 'politician']
101	['worker', 'lawyer', 'politician']
102	['AD', 'devotee']
103	['albostictipennis', 'species', 'beetle', 'family']
104	['citizens', 'heritage']
105	['philosopher', 'retirement']
106	['Operation', 'street', 'demonstration']
107	['son']
108	['surname', 'people', 'art', 'director', 'television', 'meteorologist']
109	['basketball', 'club']
110	['hurricane', 'hurricane', 'hurricane', 'season']
111	['area']
112	['transcription', 'feminine', 'name', 'pronunciation', 'feminine', 'name', 'Şehla', 'Шахля', 'شہلا', 'शहला']
113	['football', 'team', 'independent', 'football', 'season']
114	['Greenlandic', 'isstrøm', 'municipality', 'shore']
115	['gymnast']
116	['party']
117	[]
118	['flavigenualis', 'species', 'tephritid', 'fruit', 'flies', 'genus', 'family']
119	['reductase']
120	['incurvaria', 'species', 'crustacean', 'family']
121	['platformer', 'video', 'game']
122	['painter', 'landscapes', 'drawings', 'watercolours', 'scenes', 'paintings', 'colleges']
123	['number', 'Perten', 'number', 'method', 'sprout', 'damage']
124	['school']
125	['leviteni', 'species', 'sea', 'snail', 'gastropod', 'family', 'cone', 'snails', 'cone', 'shells', 'cones']
126	['standard', 'purpose', 'requirements', 'software', 'development', 'documentation']
127	['cabinet', 'cabinet', 'cabinet', 'parties', "D'66", 'fall', 'cabinet']
128	['season', 'season']
129	['journalist', 'sport', 'football', 'literature', 'book', 'club', 'section']
130	['computer', 'game', 'executive', 'entrepreneur', 'president', 'founder']
131	['nɔvaˈkɔvɔ', 'village', 'district']
132	['moth', 'family']
133	['footballer', 'defender', 'team']
134	['إدلب\u200e', 'city', 'capital', 'kilometers', 'mi', 'southwest']
135	['research', 'organization', 'research', 'policymakers', 'business', 'professionals', 'community']
136	[]
137	['maranjonensis', 'species', 'gecko', 'lizard', 'family']
138	['species', 'gecko', 'marmorata', 'genus', 'geckos', 'marmoratus', 'gecko', 'gecko', 'species', 'mainland']
139	['author', 'playwright', 'councillor']
140	['commune', 'department', 'north']
141	['Cloonacool', 'Cluain', 'Back', 'village']
142	['source', 'implementation', 'specification']
143	['surname']
144	['subsidiary', 'wings', 'aircraft']
145	['force', 'forces']
146	['platform']
147	['village']
148	['mountain']
149	['self', 'acid', 'punk', 'hardcore', 'punk', 'rock', 'band']
150	['mesospila', 'moth', 'family']
151	['hectare', 'acre', 'nature', 'reserve']
152	['protein', 'humans', 'gene']
153	['king']
154	['Дэлгэрхаан', 'sum']
155	['footballer', 'back']
156	['isolation', 'term', 'time', 'century', 'practice', 'alliances', 'governments']
157	['日本航空安全啓発センター', 'museum', 'center', 'airline', 'safety']
158	['composer']
159	['competition', 'winner', 'year', 'competition', 'pub']
160	['cruise', 'line', 'headquarters']
161	['body']
162	['folk', 'song', 'lullaby', 'settlers']
163	['baseball', 'team', 'college', 'baseball']
164	['May']
165	['pronunciation', 'system', 'use', 'practice']
166	['country', 'music', 'artist']
167	['genus', 'aphodiine', 'dung', 'beetles', 'family']
168	['Dejerine', 'disease', 'polyneuropathy', 'childhood', 'onion', 'bulb', 'neuropathy', 'motor', 'type', 'Tooth', 'disease', 'type', 'disorder', 'damage', 'nerves', 'muscle', 'wasting']
169	['name', 'poem', 'music', 'year']
170	['footballer', 'goalkeeper']
171	['Oxalis', 'rubra', 'species', 'plant', 'family', 'name']
172	['arcade', 'game']
173	['pioneer', 'politician']
174	[]
175	['village']
176	['municipality', 'state']
177	['silver', 'treasuries']
178	['oğlu', 'warrior', 'war']
179	['Pruneface', 'character', 'strip', 'cartoonist']
180	['arts', 'event', 'promotion']
181	['tennis', 'tournament', 'courts']
182	['species', 'beetle', 'genus', 'family', 'part']
183	['|', 'module2', 'musicLabelsPeacock', 'records', 'singer']
184	['league', 'baseball', 'team']
185	['island', 'city', 'area']
186	['sports', 'talk', 'show', 'talk', 'sites', 'NBCSports']
187	['J1432−0106', 'triple']
188	['perscitula', 'species', 'family', 'Noctuidae']
189	[]
190	['kaalaensis', 'species', 'plant', 'family']
191	['neo', '-', 'party']
192	['title', 'writer', 'translator', 'philosopher', 'physicist']
193	['collection', 'poetry', 'works', '11th', 'centuries']
194	['Rassemblement', 'bleu', 'coalition', 'wing', 'parties', 'elections']
195	['horror', 'film']
196	['town']
197	['list', 'governors', 'state', 'border']
198	['list', 'listings']
199	['road', 'suburbs']
200	['politician', 'businessman']
201	['Year', 'land', 'speed', 'records', 'member', 'mph', 'club']
202	['ہکلہ', 'lane', 'motorway', 'under', 'construction']
203	['class', 'cruiser', 'ship', 'city']
204	['horseshoe', 'bat', 'siamensis', 'leaf', 'bat', 'species', 'bat', 'family']
205	['moth', 'family']
206	['edition', 'series', 'rounds']
207	['village']
208	['circus', 'author']
209	['faciopunctulatus', 'species', 'frog', 'family']
210	['men', 'volleyball', 'team', '대한민국', '국가대표팀', 'volleyball', 'competitions', 'matches']
211	['e', 'translation', 'spirit', 'passion', 'song', 'sufi', 'rock', 'band']
212	[]
213	['river']
214	[]
215	['hospital']
216	['wrestler']
217	['history']
218	['actor']
219	['genus', 'moths', 'family']
220	['sports', 'journalist']
221	['village', 'municipality']
222	['partnership', 'project', 'library', 'heritage', 'multimedia', 'collections']
223	['county', 'seat']
224	['village']
225	['comedian', 'cable', 'news', 'network', 'entertainment', 'reporter']
226	['artist', 'bantamweight', 'division']
227	['phenol', 'urine', 'samples', 'elephants']
228	['men', 'basketball', 'team', 'men', 'basketball', 'team']
229	['film', 'director']
230	['house']
231	['Year', 'year', 'link', 'calendar', 'calendar']
232	['class', 'cricketer']
233	['field', 'hockey', 'player']
234	['footballer']
235	['sculptor']
236	['artist', 'run', 'gallery', 'artist', 'curator', 'project', 'space']
237	['grist', 'mill', 'district']
238	['poet', 'scholar', 'literature']
239	['formation']
240	['stapfiana', 'fruit', 'tree', 'family']
241	['Abad', 'ابادسليمان\u200e', 'ye', 'village']
242	['みさき', 'weightlifter']
243	['season', 'team', 'season', '114th', '74th']
244	['story', 'writer', 'poet', 'artist']
245	['airport']
246	['counties', 'district', '東京府郡部区', 'fu', 'gun', 'bu', 'ku', 'district']
247	['designer']
248	['award', 'author', 'horror', 'fantasy', 'science', 'fiction', 'poem', 'lines', 'year']
249	['agency']
250	['machinist', 'bicycle', 'repairman', 'inventor']
251	['Theory', 'Loss', 'ignition', 'test', 'chemistry', 'analysis', 'minerals']
252	['rower']
253	['politician']
254	['footballer']
255	['football', 'receiver']
256	[]
257	['sports', 'club']
258	['turn', 'strategy', 'video', 'game']
259	['year', 'veteran', 'educationist']
260	['physician', 'businessman', 'father']
261	['distance', 'runner']
262	['settlement']
263	['cyclist']
264	['officer', 'servant']
265	['member', 'separatist', 'group']
266	['Frauental', 'der', 'municipality', 'district', 'state']
267	['environment']
268	['town']
269	['silver', 'drinking', 'cup', 'relief', 'images', 'sex', 'acts']
270	['victory', 'class', 'steam', 'locomotive', 'class', 'passenger', 'steam', 'locomotives']
271	['Cryptocoryne', 'wendtii', 'species', 'herb', 'aquarium', 'plant']
272	['宋汉良', 'politician', 'reform', 'era']
273	['森川七月', 'jazz', 'singer', 'label']
274	['composer', 'sound', 'researcher']
275	['wrestler']
276	['cuecuechtli', 'opera', 'language', 'orchestra', 'instruments']
277	['conference', 'championship', 'game']
278	['species', 'plant', 'family']
279	['company']
280	['filmmaker', 'producer', 'editor']
281	['sport', 'manager', 'member', '1980s', '1990s']
282	['series', 'children', 'books']
283	['party', 'population']
284	['class', 'destroyer']
285	['stage', 'radio', 'television', 'film', 'actress']
286	['제이워크', 'duo', 'members']
287	['taghayyir', '-', 'taḥrīr', 'coalition', 'parties', 'leader', 'opposition', 'state', 'parliament']
288	['lake', 'kilometer', 'city']
289	['genus', 'tephritid', 'fruit', 'flies', 'family']
290	['writer', 'century']
291	['footballer']
292	['river']
293	[]
294	['album']
295	['village', 'district']
296	['patera', 'crater', 'edges', 'moon']
297	['poet', 'essayist', 'suffragist', 'anthology', 'selections', 'work', 'subjects', 'education']
298	['simillima', 'species', 'family']
299	['Norwegian', 'railway', 'station']
300	['author', 'banker']
301	['writer', 'immigrant', 'family']
302	['swimmer']
303	['actress']
304	['sheep', 'Greenlandic', 'breed', 'sheep']
305	['district', 'parts', 'counties', 'southeast', 'areas']
306	['species', 'geometrid', 'family']
307	[]
308	['football', 'manager']
309	['badminton', 'player']
310	['football', 'club', 'state']
311	['overlook']
312	['𒆷𒁀𒅆𒀭𒀫𒌓', 'ši']
313	['broadcast', 'radio', 'station']
314	['football', 'club']
315	[]
316	['et', 'Tewkesbury', 'municipality', 'province', 'county', 'municipality', 'north']
317	['KIOX']
318	['dye', 'neh', 'zeh', 'manufacturer', 'equipment', 'gear', 'sports', 'motorcycling', 'mountain', 'biking', 'winter', 'sports', 'horseriding']
319	['secularist', 'organisation', 'response', 'founders', 'powers']
320	['politician', 'member']
321	['species', 'conifer', 'family']
322	['album', 'decade', 'studio', 'albums']
323	['bridal', 'broom', 'veil', 'broom', 'species', 'genus']
324	['librarian']
325	['history', 'disease', 'apothecary', 'times']
326	['district']
327	['宣治', '信春', '信治', 'masculine', 'name']
328	['rock', 'band']
329	['pub', 'company', 'properties', 'pubs']
330	['politician', 'member']
331	['cyclist']
332	['Belarusian', 'football', 'player']
333	['pagodiformis', 'species', 'freshwater', 'snail', 'gill', 'operculum', 'gastropod', 'mollusk', 'family']
334	[]
335	['village', 'company', 'town']
336	['actor', 'coach']
337	['floor', 'shopping', 'mall', 'side', 'city', 'downtown']
338	['pallidioides', 'species', 'family']
339	['writer', '1620s', 'principle', 'slide', 'rule', 'author', 'expository', 'works']
340	['language', 'manga', 'characters']
341	['tennis', 'tournament', 'courts']
342	['television', 'writer', 'producer']
343	['organisation', 'actors', 'production', 'trade', 'growers', 'cooperatives', 'merchants', 'direction', 'government']
344	[]
345	['8th', 'journalist', 'publisher', 'activist', 'politician', 'member', 'constituency']
346	['length', 'studio', 'album']
347	['settlement', 'district']
348	['emperor', 'order', 'succession']
349	['cricket', 'umpire']
350	['genus', 'cetotheriid', 'mysticete']
351	['horror', 'author', 'novels', 'fiction', 'work']
352	['heroine', 'sculptor']
353	['species', 'forest', 'tree', 'family']
354	['rock', 'rock', 'band']
355	['season']
356	['village']
357	['parallelogramma', 'species', 'fern', 'foothills']
358	['award', 'work', 'fiction', 'writer']
359	['footballer', 'loan', 'winger', 'defender']
360	['season', 'tier', 'rugby', 'union', 'competition']
361	['actress', 'films', 'celebrity', 'reality', 'show', 'participant', 'model']
362	['ca']
363	['municipality', 'state']
364	['churchyard', 'structure', 'father', 'wife', 'parish', 'purpose', 'housing', 'coffin', 'monument', 'wife']
365	['football', 'player']
366	['formation', 'centres']
367	['transl']
368	['article', 'list', 'restaurants']
369	['section']
370	['novelist', 'newspaper', 'columnist']
371	['part', 'municipality', 'commune']
372	['stage', 'name', 'dʒɑ̃ɡo', 'ʁenɑʁt', 'jazz', 'guitarist', 'composer', 'musicians', 'century']
373	['politician']
374	['Лужнецкий', 'level', 'bridge', 'road', 'line']
375	['mosque', 'Azerbaijani', 'mosque', 'məscidi', 'mosque', 'century']
376	['sitcom']
377	['title', 'poem', 'essayist']
378	['mountain']
379	['name', 'settlement', 'settlement']
380	['title']
381	['elegans', 'species', 'algae', 'genus', 'endemic']
382	['dance', 'music', 'trio', 'record', 'producer']
383	['archivist', 'curator', 'writer']
384	['fruit', 'tree', 'moth', 'family']
385	['horse', 'race', 'thoroughbreds', 'years']
386	['genus', 'sarcopterygians']
387	['game', 'series']
388	['class', 'cricketer']
389	['film', 'enthusiasts', 'team', 'film', 'makers', 'films']
390	['junctella', 'moth', 'family']
391	['horse', 'racing', 'track', 'district']
392	['endopeptidase']
393	['film']
394	['season', 'knockout', 'tournament']
395	['heritage', 'town', 'hall']
396	['宇治原', 'comedian', 'half', 'owarai', 'duo', '広文']
397	['politician']
398	['giant', 'classification', 'class']
399	['terms', 'variety', 'contexts', 'sentiment', 'policies', 'opposition']
400	['pronunciation', 'ˈpit', 'photographer', 'designer']
401	['series', 'historian', 'world', 'world', 'buildings', 'structures', 'sites']
402	['year', 'school']
403	['démocratique', 'wing']
404	['narrative', 'men', 'IAST', 'prose', 'romance', 'दण्डी', 'centuries']
405	['title', 'title', 'Hull', 'title']
406	['aellomacha', 'moth', 'family']
407	['gundia', 'species', 'frog']
408	['surname']
409	['flycatcher', 'oberi', 'species', 'bird', 'family']
410	['Eori', 'island', 'end', 'group']
411	['city', 'kilometres', 'miles', 'north']
412	['Welsh', 'rugby', 'union', 'player']
413	['cricketer', 'captain']
414	['member', 'district']
415	['genus', 'butterflies', 'family']
416	['ˈhɪndn̩bʊʁk', 'general', 'statesman', 'death']
417	['politician', 'term']
418	['painter']
419	['politician', 'member']
420	['football', 'referee', 'school', 'teacher']
421	['Volleyball']
422	['ice', 'hockey']
423	['writer', 'prose', 'verse']
424	['massacre', 'murder', 'attack', 'site', 'soldier', 'fire', 'group', 'schoolgirls', 'class', 'field', 'trip', 'others', 'group', 'soldiers', 'victims']
425	['skier', '1970s']
426	['suburb', 'city', 'state', 'banks']
427	['news', 'channel']
428	['genus', 'plants', 'legume', 'family']
429	['species', 'bacteria', 'agents', 'spirochetosis']
430	['source', 'photoblog', 'application', 'photos', 'base']
431	['composer']
432	['counter', '-', 'attack']
433	['alpine', 'skier']
434	['footballer']
435	['urbanist', 'ambassador']
436	['school', 'students']
437	['locality', 'village', 'borough']
438	['ucamara', 'species', 'catfish', 'family']
439	['owner']
440	['Love', 'television', 'drama', 'film', 'series', 'books']
441	['school']
442	['hardyana', 'species', 'plant']
443	[]
444	['CDR1', 'antisense', 'protein', 'humans', 'AS', 'gene']
445	['track', 'cyclist']
446	['airport']
447	['church']
448	['club']
449	['football', 'match', 'place']
450	['village', 'municipality']
451	['fl']
452	['commune', 'department', 'north']
453	['village', 'authority']
454	['aspera', 'species', 'plant', 'loosestrife', 'family', 'names', 'waxweed']
455	['school', 'district']
456	['league', 'football', 'team', 'existence']
457	['television', 'series']
458	['comedy', 'drama', 'film']
459	['cardinal']
460	['folk', 'project', 'musician']
461	['student', 'club']
462	['death', 'metal', 'musician']
463	['cycle', 'cycle', 'chansons', 'geste', 'aftermath']
464	['politician', 'chairman', 'death']
465	['strip']
466	['law', 'enforcement', 'agency']
467	['Vérargues', 'commune', 'department', 'region']
468	['footballer', 'descent']
469	['jī', 'sì', 'khe', 'river']
470	['profit', 'arts', 'school']
471	['cricketer']
472	['artist', 'paintings', 'drawings', 'artist', 'books', 'collages']
473	['asteroid', 'Earth', 'object', 'group']
474	['actress', 'model']
475	[]
476	['settlement']
477	['film', 'funding', 'organization', 'grants', 'awards', 'fellowship', 'house', 'film', 'production']
478	['politician', 'member']
479	['mythology', 'Prothoenor', 'Προθοήνωρ', 'leaders', 'son', 'brother', 'ships']
480	['centre', 'island']
481	['Zork', 'fiction', 'video', 'game']
482	['rights', 'record', 'rights', 'stages', 'history']
483	['species', 'beetle', 'family']
484	['firm']
485	['footballer', 'side']
486	['دیا', 'علی', 'model', 'actress']
487	['apesanteur', 'name', 'song', 'singer']
488	['title', 'comedy', 'film']
489	['stony', 'asteroid', 'Earth', 'object', 'group', 'asteroids', 'kilometers', 'diameter']
490	['sports', 'title']
491	['USD', 'school', 'district']
492	['Figure', 'competition', 'figure', 'skating', 'season']
493	['physician']
494	['gymnast']
495	['commune', 'department', 'north']
496	['deity', 'animals', 'fishers', 'hunters', 'weather']
497	['football', 'nose', 'tackle']
498	['football', 'club', 'village']
499	['nucleoside', 'transporter', 'protein', 'humans', 'SLC28A1', 'gene']
500	['perater', 'species', 'ground']
501	['moth', 'family']
502	['port', 'river', 'sense', 'waterway', 'capital']
503	['tributary', 'river']
504	['artist']
505	['edition', 'award', 'excellence']
506	['Women', 'tragedy', 'Sophocles']
507	['transduction', 'process', 'signal', 'cell', 'series', 'events', 'protein', 'phosphorylation', 'protein', 'kinases', 'response']
508	['river']
509	['laxa', 'plant', 'genus']
510	['episcopate']
511	['лёгкой', 'edition', 'championship', 'track', 'field']
512	['food', 'writer', 'cookbooks']
513	[]
514	['qualification', 'men', 'football', 'competition', 'teams']
515	['village', 'district']
516	['exploration', 'production', 'company']
517	['tarmac']
518	['mathematician', 'decomposition', 'systems']
519	['block', 'tenement', 'houses']
520	['sports', 'club']
521	['television', 'actor']
522	['city', 'province']
523	['film']
524	['numbering', 'ε', 'numbering', 'minuscule', 'manuscript', 'parchment']
525	['football', 'player']
526	['fujikuroi', 'plant', 'pathogen']
527	['systems', 'engineer', 'inventor', 'forestry', 'industry']
528	['Recice', 'settlement', 'district']
529	['manufacturer', 'state', 'legislator']
530	['opposition', 'party']
531	['Triage', 'manga', 'series']
532	['horror', 'video', 'game']
533	['archaeologist', 'paleoanthropologist']
534	['species', 'orchid', 'genus']
535	['sponsorship', 'reasons', 'event']
536	['須賀田礒太郎', 'composer']
537	['squamosissima', 'species', 'sea', 'snail', 'gastropod', 'family', 'snails', 'rock', 'snails']
538	['season', 'level', 'football', 'league']
539	['village', 'municipality']
540	['unit']
541	['preserve', 'section']
542	['history', 'emergence', 'hominids', 'humans', 'years', 'humans', 'Homo', 'present', 'patchwork', 'nation', 'states']
543	[]
544	['village']
545	['pop', 'rock', 'band', 'Seconds', 'studio', 'album']
546	['torrefactus', 'name', 'firebrand', 'species', 'sea', 'snail', 'gastropod', 'family', 'snails', 'rock', 'snails']
547	['rower']
548	['manor', 'house', 'estate', 'km', 'mi', 'northwest']
549	['footballer', 'References']
550	['久司', 'wrestler']
551	['geometry', 'Hopf', 'states', 'manifolds', 'curvature', 'quotient', 'sphere', 'space', 'space', 'group']
552	['football', 'player']
553	['Calcarovula', 'longirostrata', 'species', 'sea', 'snail', 'gastropod', 'family', 'ovulids', 'allies', 'cowries']
554	['writer', 'novelist', 'educator']
555	['Tour', 'promoters', 'concert', 'promoters', 'talent', 'buyers', 'individuals', 'companies', 'concert', 'tour', 'event', 'performance']
556	[]
557	['organisation', 'arts', 'festivals']
558	['chess', 'opening', 'moves']
559	['Antigonides', 'Αντιγονίδες', 'municipality']
560	['astronomy', 'index', 'source', 'measure', 'dependence', 'flux', 'density', 'flux', 'unit', 'frequency', 'frequency']
561	['ice', 'hockey']
562	['hectare', 'acre', 'area']
563	['film', 'actor']
564	['calcicolus', 'coast', 'gecko', 'endemic']
565	['trade', 'union', 'leader']
566	['journalist', 'correspondent']
567	['Birnaviridae', 'family', 'viruses']
568	['rules', 'football', 'club']
569	['football', 'midfielder']
570	['film', 'documentary', 'film', 'recces', 'film', 'background', 'king', 'body', 'tiger']
571	['sponsorship', 'reasons', 'season', 'tier', 'rugby', 'union', 'system', 'format', 'tier', 'season', 'league', 'rugby']
572	['businessman', 'philanthropist', 'art', 'collector']
573	['sparsus', 'species', 'caddisfly', 'family']
574	['football', 'stadium', 'city']
575	['iodina', 'species', 'beetle', 'family']
576	['song']
577	['officer', 'start']
578	['-', 'player']
579	['Field', 'drama', 'film']
580	['island']
581	['doctor', 'surgeon', 'adult', 'life']
582	['football', 'team', 'A', 'football', 'season']
583	['drama', 'film']
584	['village', 'development']
585	['fl']
586	['pri', 'ˈpaːdɔʋɔ', 'ɔˈsiːu̯nitsi', 'sources', 'settlement', 'hills', 'bank']
587	['fǔ', 'residence', 'descendants', 'hometown']
588	['science', 'fiction', 'mystery', 'story', 'writer', 'issue', 'collection', 'Mysteries']
589	[]
590	['species', 'beetle', 'family']
591	['Area', 'codes', 'telephone', 'area', 'codes']
592	['atmosphere', 'park', 'rai']
593	['soldier', 'barrister', 'politician']
594	['genus', 'amphibian']
595	['era', 'mint', 'city']
596	['star', 'system', 'constellation', 'years']
597	['gravity', 'dam', 'power', 'station']
598	['politician', 'ice', 'hockey', 'goaltender']
599	['company', 'businessman', 'politician']
600	['drama', 'film']
601	['philosopher', 'theologian', 'theology', 'accord', 'method']
602	['rock', 'group', 'songs', 'Time', 'Time']
603	['species', 'grasshopper', 'peninsula']
604	['footballer', 'forward']
605	['residence']
606	[]
607	['sports', 'venue', 'town', 'county']
608	['actor', 'comedian', 'portrayals', 'film', 'hero', 'film']
609	['actor', 'screenwriter']
610	['show', 'jumper']
611	['prop', 'comic']
612	['footballer', 'winger']
613	['town', 'province']
614	['City', 'album']
615	[]
616	['city', 'capital', 'km']
617	['ethinyl', 'estradiol', 'combination', 'birth', 'control', 'pill', 'estrogen', 'norethisterone', 'progestin']
618	['pianist']
619	['oertzeni', 'species', 'ground', 'subgenus']
620	['anaclasta', 'plant', 'orchid', 'family']
621	['school', 'city']
622	['recens', 'sea', 'snail', 'operculum', 'gastropod', 'family', 'turban', 'snails']
623	['transliteration', 'בלוז', 'film', 'co', '-', 'production', 'director']
624	['grant', 'body', 'part', 'organization']
625	['events', 'year']
626	['television', 'writer']
627	['merchant', 'figure']
628	['Station', 'documentary', 'documentary', 'filmmaker']
629	['arm']
630	['iochrysa', 'moth', 'family']
631	[]
632	[]
633	[]
634	['terrigenum', 'species', 'fungus', 'genus', 'soil']
635	['municipality', 'province']
636	['Number', 'sculpture']
637	['phlebotoma', 'species', 'family']
638	['album', 'duo']
639	['grid', 'reference', 'SO923986', 'canal', 'junction', 'limit', 'Line']
640	['murre', 'guillemot', 'lomvia', 'bird', 'family']
641	['actress', 'director', 'fashion', 'designer', 'model']
642	['village', 'commune', 'department']
643	['village', 'district']
644	['economist', 'financier']
645	['21st', 'establishment']
646	['MW', 'wind', 'farm', 'kilometres']
647	['Na', 'eun', 'actress']
648	['cricketer']
649	['body', 'asteroid']
650	['character', 'soap', 'opera']
651	['order', 'mammals', 'members', 'order', 'i.']
652	['thriller', 'television', 'series']
653	[]
654	['franciscensis', 'species', 'plant', 'family']
655	['בישראל\u200e', 'association', 'rights', 'organization']
656	['army']
657	['motorcycling', 'event', 'part', 'motorcycle', 'racing', 'season']
658	['part', 'system', 'historian', 'bibliographer']
659	['winner', 'beauty', 'pageant']
660	['pannonicum', 'species', 'proturan', 'family']
661	['organization', 'use', 'areas', 'education']
662	['composer', 'lyricist', 'singer', 'art', 'songs', 'boundaries', 'idioms', 'pop']
663	['invasion', 'shinchū', 'confrontation']
664	['Hydrolycus', 'genus', 'dogtooth', 'characins', 'basins', 'rivers']
665	['astronomer', 'discoverer', 'planets', 'photometrist', 'curves']
666	['geneticist']
667	['ice', 'hockey', 'player']
668	['commune', 'department']
669	['company', 'water', 'waste', 'water', 'treatment', 'equipment']
670	['triggi', 'species', 'sea', 'snail', 'gastropod', 'family']
671	['composer', 'polyphony']
672	['鈴木', 'football', 'player']
673	['zoologist', 'ecologist', 'director']
674	['network', 'radio', 'stations', 'southeast', 'headquarters']
675	['crimson', 'shrike', 'atrococcineus', 'crimson', 'gonolek', 'gonolek', 'call', 'bird']
676	['law', 'sound', 'law', 'vowels', 'resonant', 'language', 'l', 'r', 'w', 'turn', 'i.']
677	['professor']
678	['writer', 'editor', 'broadcaster']
679	['Money', 'documentary', 'film']
680	['fortress']
681	['railway', 'station', 'Stazione', 'town', 'region']
682	['studio', 'album', 'music', 'group']
683	['神威', 'character', 'protagonist']
684	['Cardiodectes', 'genus', 'copepods', 'family']
685	['rally', 'vehicles']
686	['artist', 'promotions']
687	['gas', 'fields', 'world']
688	['مطار', 'أتي\u200e', 'use', 'airport']
689	['rock', 'band']
690	['Farm']
691	['conglomerate', 'food', 'production', 'retail', 'farming', 'sectors', 'CIS', 'countries']
692	['3D', 'modeling', 'raytracing', 'application']
693	['village']
694	['protein', 'Rab-34', 'protein', 'humans', 'gene']
695	['multimedia', 'platform', 'pop']
696	['minister', 'responsibilities', 'administration', 'support', 'sporting', 'bodies', 'multiculturalism', 'veterans', 'affairs']
697	[]
698	[]
699	['ichthyologist', 'beginning', 'century']
700	['educator', 'patriot', 'signatories']
701	[]
702	['footballer', '1940s']
703	['poet']
704	['dam']
705	['geologist', 'researcher', 'work', 'palynology']
706	['author', 'historian', 'traveller']
707	['town', 'commune', 'region']
708	['photographer', 'journalist']
709	['searleswoodii', 'species', 'sea', 'snail', 'gastropod', 'micromollusk', 'family', 'Caecidae']
710	['footballer', 'goalkeeper']
711	['List', 'buildings', 'skyscrapers', 'height', 'state']
712	['Vietnamese', 'reef', 'portion']
713	['Clefamide', 'trade', 'name', 'antiprotozoal', 'agent', 'amoebiasis', '1960s']
714	['Tarpu', 'village']
715	[]
716	['Chuprene', 'village', 'part']
717	['flight', 'rocket', 'launch']
718	['studio', 'album']
719	['freestyle', 'wrestler']
720	['formation']
721	['neighbourhood']
722	['railroad', 'line']
723	['Ramjerdi', 'village']
724	['district', 'district']
725	['theorist', 'feminist', 'commentator', 'writer', 'television', 'radio', 'children', 'literature', 'president', 'actor']
726	['football', 'team', '1940s', 'time', 'champions', 'players', 'backbone', 'team', 'plane', 'crash', 'air', 'disaster']
727	['summer']
728	['genus', 'family']
729	['film', 'thriller', 'horror', 'film']
730	['studio', 'album', 'country', 'music', 'singer']
731	['village', 'district']
732	['decker', 'minibus', 'automaker']
733	['table', 'tennis', 'player']
734	['century', 'corsair', 'pirate', 'folk', 'tradition', 'island', 'century', 'castle', 'era', 'castle']
735	['footballer', 'midfielder', 'club', 'team']
736	['commune', 'department']
737	['actor', 'descent']
738	['species', 'water', 'sea', 'snail', 'gastropod', 'family', 'staircase', 'shells', 'sundials']
739	['quadricristata', 'species', 'beetle', 'family']
740	['musician', 'members', 'rock', 'band']
741	['commune', 'department']
742	['edition']
743	['election', 'place']
744	['film', 'character', 'actor', 'writer', 'producer', 'director', '1970s']
745	['hip', 'hop', 'artist', 'member', 'hip', 'hop']
746	['crime', 'novel', 'novel', 'series']
747	['physicist', 'inventor', 'precision', 'clockmaker']
748	['pianist']
749	['town', 'province', 'km']
750	['underbone', 'motorcycle', 'stroke', 'cylinder', 'engine', 'displacement']
751	['computer', 'program', 'trading', 'charting', 'analysis', 'markets']
752	['book']
753	['football', 'player', 'coach']
754	['mangaliensis', 'species', 'fungus', 'genus']
755	['road', 'cyclist']
756	[]
757	['program']
758	['poet']
759	[]
760	['species', 'sea', 'snail', 'gastropod', 'family']
761	['village', 'taluk', 'district']
762	['voice', 'actor']
763	['district', 'district', 'province']
764	['tennis', 'tournament', 'courts']
765	['episode', 'season', 'comedy', 'series', 'episode']
766	[]
767	['writer', 'editor']
768	['pronunciation', 'ˈɦaːjɛk', 'mathematician', 'statistics']
769	['studio', 'album', 'songs']
770	['island']
771	['coal', 'power', 'plant', 'district']
772	['Chionodes', 'moth', 'family']
773	['manager', 'baseman']
774	['party']
775	['masculine', 'name', 'surname']
776	['author', 'architect']
777	['Rochefortia', 'genus', 'plants', 'family']
778	['distance', 'runner']
779	['volleyball', 'player']
780	['anteater', 'anteater', 'chat', 'aethiops', 'species', 'bird', 'family']
781	['power', 'pop', 'band', 'guitars', 'vocals', 'percussion', 'vocals', 'Legs', 'Lister', 'lead', 'guitar', 'vocals', 'guitar', 'vocals', 'bass', 'drums']
782	['village', 'tehsil', 'district']
783	['golf', 'tournament']
784	['surname', 'name']
785	['°', 'mile', 'km', 'mile', 'km', 'ice', 'shelf']
786	['sanmartini', 'species', 'sea', 'snail', 'gastropod', 'micromollusk', 'family']
787	['helm', 'helm', 'display', 'part', 'armoury', 'collection']
788	['coffee', 'brand']
789	['comedy', 'film']
790	['church']
791	['year', 'music']
792	['anthracistis', 'moth', 'family']
793	['Art', 'sitcom', 'pilot', 'special']
794	['politician']
795	['racehorse']
796	['Delphacodes', 'acuministyla', 'species', 'delphacid', 'planthopper', 'family']
797	['jazz', 'banjoist', 'guitarist', 'arranger']
798	['novelist', 'author', 'stories', 'children', 'writer', 'playwright']
799	['footballer', 'forward']
800	['IATA']
801	['village', 'province']
802	['school']
803	['genus', 'family']
804	['debut', 'album', 'solo', 'artist', 'rock', 'band']
805	['billionaire', 'businesswoman', 'worker', 'energy', 'environment', 'engineering', 'business', 'chairperson']
806	['reality', 'television', 'show', 'runner', 'up', 'VH1', 'reality']
807	['church', 'see', 'connection', 'city']
808	['assemblage', 'families', 'sphecoid', 'wasps']
809	['company']
810	['mid-1990s', 'video', 'game']
811	['country', 'gospel', 'singer', 'country', 'song', 'country']
812	['law', 'role', 'funds', 'use', 'art', 'culture', 'production', 'movies']
813	['loa', 'waters', 'form', 'serpent']
814	['hill']
815	['ಹೆಣ್ಣೇ', 'film']
816	['list', 'hotels', 'state']
817	['spur', 'route']
818	['practitioner', 'historian', 'philatelist']
819	['community', 'population', 'extremity']
820	['fantasy', 'trilogy']
821	['pianist']
822	['iron', 'ore', 'mine', 'infrastructure']
823	['town', 'commune']
824	['botanist', 'agronomist', 'son', 'gardener']
825	['population', 'people', 'expatriates', 'descendants']
826	['athlete']
827	[]
828	['track', 'mountain']
829	['hominid', 'remains', 'caves', 'town', 'city', 'north', 'part', 'province']
830	['Paragomphus', 'sinaiticus', 'hooktail', 'species', 'dragonfly', 'family']
831	['canton']
832	['poker', 'player']
833	['Events', 'year']
834	['enzymology', 'polynucleotide', "5'-phosphatase"]
835	['footballer']
836	['-', 'commune', 'department']
837	['atlanticus', 'species', 'beetle', 'family']
838	['book']
839	['racing', 'cyclist']
840	['town', 'border', 'inhabitants']
841	['Pachypoessa', 'genus', 'spiders', 'species']
842	['corner']
843	['stream']
844	['sport', 'land', 'shark', 'fishing', 'anglers', 'establish', 'standards', 'compilation', 'recognition', 'world', 'records', 'research', 'education', 'practice', 'enjoyment', 'stewardship', 'resources']
845	['series', 'series', 'motorcycles', 'model', 'year']
846	['film', 'director', 'actor']
847	['prelate']
848	['novel']
849	['counterculture', 'newspaper']
850	['schools']
851	['motor', 'race']
852	['village', 'part', 'kilometers', 'kilometers']
853	['chromium', 'molybdenum', 'vanadium', 'tool', 'steel']
854	['jird', 'species', 'rodent', 'family']
855	['district', 'water', 'works', 'facilities', 'water', 'towns']
856	['helvolalis', 'moth', 'family']
857	['name', 'name', 'surname', 'origin', 'times', 'name', 'spelling']
858	['football', 'team', 'football', 'season']
859	['محسن', 'politician']
860	['Out', 'children', 'novel']
861	['book']
862	['ˈmaːlɛ', 'ˈpeːtsɛ', 'sources', 'village']
863	['newspaper']
864	['diclada', 'species', 'family']
865	['church', 'church', 'origin', 'continent']
866	['footballer', 'striker']
867	['nucleolella', 'species', 'snout']
868	['craton', 'bulk', 'land', 'mass']
869	['sitcom']
870	['diner']
871	['locality', 'village']
872	['fencer']
873	['Impressions', 'album', 'vibraphonist', 'appearance', 'sideman']
874	['town', 'province', 'region']
875	['surname']
876	['record', 'producer', 'engineer', 'work', 'remastering', 'catalog']
877	['property', 'developer']
878	['village', 'district', 'Voivodeship', 'north']
879	['edition', 'beauty', 'pageant', 'delegates', 'world', 'crown']
880	['artist', 'origin', 'engraving', 'work']
881	['chess', 'player', 'author', 'composer', 'endgame', 'studies', 'chess', 'problems']
882	['pilbarensis', 'herb', 'family']
883	['shortface', 'eel', 'mauritanicus', 'eel', 'family', 'mud', 'eels']
884	['nervosa', 'moth', 'family']
885	['communications', 'executive', 'campaign', 'spokesperson', 'campaign', 'staff', 'member', 'candidates']
886	['tennis', 'player']
887	['hamlet', 'area', 'parish']
888	['relations', 'relations']
889	['research', 'non', '-', 'profit', 'development', 'nanotechnology', 'technologies']
890	['language', 'language', 'language', 'family']
891	['文昌帝君', 'deity']
892	['school']
893	['racewalker']
894	['racing', 'cyclist']
895	['spider', 'species', 'genus']
896	['hits', 'album']
897	['village', 'municipality']
898	['alˈkoi', 'Valencian', 'Valencian', 'town', 'comarca', 'province', 'foot']
899	['debut', 'album', 'duo']
900	['Nassarius', 'roissyi', 'species', 'sea', 'snail', 'gastropod', 'family', 'mud', 'snails', 'dog', 'whelks']
901	['genus', 'moths', 'family']
902	['village', 'municipality', 'region']
903	['sprinter']
904	['football', 'player']
905	['city', 'northwest', 'confluence']
906	['art', 'director']
907	['Colon', 'forceps', 'species', 'fungus', 'beetle', 'family']
908	['възвишения', 'ren', 'ice', 'heights', 'base', 'side', 'km', 'southwest', 'direction', 'km']
909	['xeniades', 'butterfly', 'family']
910	['car', 'production']
911	['singer', 'actress']
912	['dwarf', 'galaxy', 'years', 'constellation']
913	['Тобо́льский', 'district', 'raion']
914	['dance', 'music', 'festival']
915	['slossonella', 'species', 'snout']
916	['politician', 'member']
917	['racing', 'cyclist']
918	['Tomorrow', 'organization', 'areas', 'community', 'service', 'work', 'children', 'youth', 'parents']
919	['commune', 'department', 'region']
920	['Daugavpils', 'partija', 'party']
921	['part']
922	['date', 'death', 'gymnast']
923	['school', 'building']
924	['host', 'actress', 'film', 'director']
925	['genus', 'spiders', 'family']
926	['writer', 'romance', 'novels']
927	['district', 'city']
928	['cricketer']
929	['gmina', 'district']
930	['edition', 'pageant']
931	['townland']
932	['formation']
933	['queen', 'fish', 'family']
934	['jazz', 'bassist', 'technician', 'presence', 'jazz', 'scene', 'years']
935	['football', 'safety']
936	['century']
937	['hemlock', 'needleminer', 'hemlock', 'leaf', 'miner', 'baldcypress', 'webworm', 'apicitripunctella', 'moth', 'family']
938	['Franck', 'rugby', 'union', 'player', 'rugby', 'union', 'team']
939	['village']
940	['boxer', 'lineal', 'titles']
941	['scitella', 'moth', 'family']
942	['village']
943	['นามเวช', 'หนึ่ง', 'footballer', 'centre', 'back', 'club']
944	['song', 'country', 'music', 'artist']
945	['racing', 'car', 'team', 'season']
946	['Walk', 'part', 'km', 'path', 'side', 'motorway']
947	['moth', 'family']
948	['song']
949	['children', 'science', 'fiction', 'television', 'series']
950	['pay', 'television', 'network', 'movies', 'television', 'series', 'thriller', 'drama', 'comedy', 'horror', 'crime', 'investigation', 'genres', 'division', 'satellite', 'cable', 'platforms']
951	['chronicle', 'period']
952	['drama', 'title', 'role']
953	['Events', 'television']
954	['rite']
955	['video', 'game', 'video', 'game', 'console', 'matching', 'puzzle', 'game', 'series']
956	['Operation', 'operation', '22nd']
957	['footballer', 'centre']
958	['freguesia', 'parish', 'municipality']
959	['computer', 'game']
960	['cartoon', 'miner', 'information', 'children', 'waste', 'disposal']
961	['species', 'sea', 'snail', 'gastropod', 'family', 'nutmeg', 'snails']
962	[]
963	['municipality', 'province']
964	['نادي', 'football', 'club']
965	['motorcycle', 'race', 'motorcycle', 'racing', 'season']
966	['band', 'wonder', 'group', '1990s', 'song', 'hit', 'countries', 'others', 'number']
967	['park']
968	['protein', 'MAP3K7', 'enzyme', 'humans', 'MAP3K7', 'gene']
969	['kirke', 'church', 'county']
970	['astronomer', 'pioneer', 'space', 'astronomy']
971	['triptych', 'artist']
972	['peoh', 'mosque', 'city']
973	['series', 'cartoons', '1920s', 'action', 'girl', 'cat', 'adventures', 'landscape']
974	['pinyin', 'politician']
975	['name']
976	['psychologist', 'scholar', 'college', 'administrator']
977	['tennis', 'tournament', 'clay', 'courts']
978	['town', 'class', 'corvette']
979	['philippensis', 'species', 'beetle', 'family']
980	['poet', 'editor', 'collage', 'artist']
981	['genus', 'catfishes', 'order', 'family']
982	['football', 'player', 'striker']
983	['pipeline', 'oil', 'pipeline', 'oil', 'terminal']
984	['length', 'album', 'band']
985	['brand', 'noodle', 'food', 'company']
986	['reed', 'vole', 'fortis', 'species']
987	[]
988	['genus', 'corynexochid']
989	['village', 'municipality']
990	['Limnonectes', 'cintalubang', 'species', 'frogs', 'family']
991	['ad', 'ad', 'Dīn', 'name', 'surname', 'laqab', 'perfection', 'religion']
992	['municipality', 'province', 'north']
993	[]
994	['surname']
995	['poet', 'novelist']
996	['aviation', 'institute']
997	['oil', 'canvas', 'painting']
998	['world', 'champion', 'practitioner', 'class']
999	['utility', 'player', 'coach', 'politician']
1000	['bridge']
1001	[]
1002	['species', 'ground']
1003	['rugby', 'union', 'player']
1004	['lawyer', 'figure']
1005	['Erigone', 'dentosa', 'species', 'dwarf', 'spider', 'family']
1006	['Football', 'side']
1007	['member', 'family']
1008	['village']
1009	['man', 'reservoir']
1010	['austrannulata', 'moth', 'family']
1011	['A243', 'road', 'status', 'A', 'road']
1012	['town', 'county', 'region']
1013	['field', 'hockey', 'player']
1014	['Sorority', 'web', 'television', 'series', 'web', 'production', 'company', 'creators', 'SamHas7Friends']
1015	['abbreviation', 'sports', 'club', 'city', 'state']
1016	['بازار', 'village']
1017	['style', 'building']
1018	['rules', 'competition']
1019	['army', 'cooperation', 'aircraft', 'concept', 'aircraft', 'support', 'ground', 'units', 'variety', 'roles']
1020	['consanguinella', 'moth', 'family']
1021	['island']
1022	['politician']
1023	['gymnast']
1024	['Mi', 'actress', 'television', 'personality']
1025	['仁寿', 'era', 'name', 'year', 'name']
1026	['rules', 'footballer']
1027	['title']
1028	['ˈbuɡzɨ', 'ˈjarki', 'village', 'district', 'east']
1029	['soccer', 'player', 'coach']
1030	['train', '广九直通车', '港穗直通车', '港穗直通車', 'railway', 'service', 'mainland']
1031	['family', 'name']
1032	['actor', 'writer', 'artist', 'work', 'people']
1033	['inkhundla']
1034	['action', 'campaign']
1035	['municipality', 'district']
1036	['import', 'receptor', 'subunit', 'protein', 'humans', 'gene']
1037	['Expo', 'remix', 'album']
1038	['species', 'plant', 'family']
1039	['footballer']
1040	[]
1041	['wrestling', 'pay', 'view', 'event']
1042	['нашей']
1043	['commune', 'department', 'region']
1044	['football', 'club']
1045	['party']
1046	['sports', 'film']
1047	['football', 'team', 'A', 'football', 'season']
1048	['°', 'mountain', 'standing', 'side']
1049	['guainumbiorum', 'species', 'genus']
1050	['rugby', 'union', 'player']
1051	['boutique', 'hotel']
1052	['hypothous', 'jade', 'hawkmoth', 'moth', 'family']
1053	['正人', 'football', 'player']
1054	['basketball', 'player']
1055	['footballer']
1056	['ABCs', 'anthology', 'horror', 'comedy', 'film']
1057	['composer', 'director']
1058	['ambush', 'detachment']
1059	['Mõraste', 'village']
1060	['commune', 'department']
1061	['politician']
1062	['prose', 'writer', 'poet']
1063	['cyclist']
1064	['Cricket', 'level', 'sports', 'water', 'sports', 'rugby', 'union', 'football']
1065	['list', 'missions', 'consulates']
1066	['rock', 'shelter', 'village', 'valley', 'stream']
1067	['locality', 'village']
1068	['партия', 'party', 'party', 'country']
1069	['cable', 'film']
1070	['reality', 'television', 'series', 'debut']
1071	['stage', 'name', 'drag', 'performer', 'actor', 'season', 'contestant', 'series']
1072	['entrepreneur', 'servant']
1073	['Rodwayella', 'genus', 'fungi', 'family']
1074	['billionaire', 'tobacco', 'heiress', 'philanthropist']
1075	['matter', 'physicist', 'research', 'optics', 'optoelectronics']
1076	['building']
1077	['kickboxer']
1078	['painter']
1079	['following', 'list', 'aircraft', 'past']
1080	['container', 'vessels', 'world']
1081	['arms', 'embargo']
1082	['Hepburn', 'manga', 'series']
1083	['mark', 'der', 'mark', 'reunification', 'currency']
1084	['bridge', 'east', 'town']
1085	['°', 'rock', 'margin']
1086	['newspaper']
1087	['genus', 'freshwater', 'fishes']
1088	['Chrysomyza', 'chalybea', 'species', 'ulidiid', 'picture', 'fly', 'genus', 'family']
1089	['Nu2', 'orange', 'star', 'constellation']
1090	['theologian', 'poet', 'year']
1091	['swimmer']
1092	['genus', 'beetles', 'family']
1093	['freestyle', 'wrestler']
1094	['ʋûitsa', 'singer', 'songwriter']
1095	['TransLattice', 'software', 'company']
1096	['Platysulcidae', 'family', 'heterokonts', 'lineage', 'tree']
1097	['village', 'parish', 'area', 'county', 'miles', 'north', 'east']
1098	['Bassiani', 'ბასიანი', 'nightclub', 'capital']
1099	['rock', 'exposure', 'coast', 'north', 'eastern', 'extremity']
1100	['Alavala', 'village', 'district', 'state']
1101	['artist', 'portraiture']
1102	['mathematician', 'combinatorics', 'representation', 'theory', 'physics']
1103	['studio', 'album', 'rapper', 'rapper']
1104	['cardinal', 'official']
1105	['mountain']
1106	['maroons', 'slavery', 'island', 'communities', 'interior', 'parishes']
1107	['genus', 'spiders', 'family']
1108	['numbering', 'P', 'P', 'copy']
1109	[]
1110	['spin', 'off']
1111	['poet']
1112	['footballer', 'forward', 'club']
1113	['housing', 'estate', 'homes']
1114	['footballer', 'striker', 'team']
1115	['Scybalistodes', 'genus', 'moths', 'family']
1116	['rower']
1117	['healthcare', 'centre', 'state', 'heritage', 'expertise', 'medicine', 'system']
1118	['An-74', 'reporting', 'name', 'transport', 'aircraft']
1119	['capillosa', 'species', 'beetle', 'genus', 'family', 'part']
1120	['village', 'district']
1121	['PM', 'debut', 'single', 'singer']
1122	['school', 'district']
1123	['adamsianum', 'species', 'sea', 'snail', 'family', 'miters']
1124	['school']
1125	[]
1126	['song', 'form', 'origin']
1127	['Loqu8', 'software', 'company', 'users', 'access', 'information', 'languages', 'time', 'facts']
1128	['crisis', 'obligations', 'measures', 'violence', 'bloodshed', 'communities', 'leaders', 'restraint']
1129	['politician']
1130	['crime', 'comedy', 'film']
1131	['activist', 'philanthropist']
1132	['rock', 'band']
1133	['bishop']
1134	['rugby', 'union', 'player']
1135	['entertainment', 'media', 'company', 'television', 'shows', 'market']
1136	['bay', 'island', 'province']
1137	['episode', 'season']
1138	['lawyer', 'judge']
1139	['beylik', 'Turkish', 'frontier', 'principalities', 'decline']
1140	['football', 'player']
1141	['poet']
1142	['courtesy', 'name', 'official', 'state', 'chancellor', 'reign', 'king']
1143	['лиман', 'liman', 'estuary', 'coast', 'town']
1144	['language', 'i.']
1145	['part', 'bank', 'river']
1146	['family', 'cephalopods', 'subclass']
1147	['football', 'club', 'town', 'division']
1148	['self', 'portrait', 'painter', 'copyist', 'century']
1149	['railway', 'station', 'town']
1150	['governors']
1151	['philosopher']
1152	['delle', 'municipality', 'region', 'kilometres', 'mi', 'southeast', 'kilometres', 'mi', 'southeast']
1153	['football', 'club', 'town']
1154	['surname', 'architect', 'footballer']
1155	['ridendo', 'mores', 'pronunciation', 'corrects', 'customs', 'manners', 'phrase', 'corrects', 'customs', 'customs', 'ridicule']
1156	['propaganda', 'film']
1157	['capital', 'city', 'province']
1158	['season', 'season', 'baseball']
1159	['°', 'island', 'rock', 'segments', 'end']
1160	['Brøggerhalvøya', 'peninsula', 'coast', 'island']
1161	['Portraits', 'table', 'book', 'series', 'portraits', 'culture', 'artists', 'studio', 'workspaces', 'photographer', 'author']
1162	['entomologist']
1163	['record', 'label', 'bassist', 'division']
1164	['Arms', 'band']
1165	['Soul', 'book', 'fantasy', 'series']
1166	['lochistis', 'moth', 'family']
1167	['collaborative', 'studio', 'album']
1168	['purpurastriata', 'moth', 'family']
1169	['class', 'minesweeper']
1170	['advocate', 'geologist']
1171	['state', 'highway']
1172	['engineering', 'school']
1173	['football', 'player', 'coach']
1174	['transport', 'bus', 'trolleybus', 'train', 'ferry', 'services']
1175	['liturata', 'moth', 'family']
1176	['plant', 'genus', 'family']
1177	['season', 'sponsorship', 'reasons', '71st', 'history', 'football', 'competition']
1178	['village']
1179	['events', 'violence', 'people', 'attack', 'activist']
1180	[]
1181	['Lapwing', 'class', 'minesweeper']
1182	['Dercetoides', 'throat', 'whale', 'genus', 'ray', 'fish']
1183	['harrisii', 'sycamore', 'tussock', 'species', 'family', 'tribe', 'tiger', 'moths']
1184	['sports', 'video', 'game']
1185	['place']
1186	['village', 'district']
1187	['1940s']
1188	['rugby', 'league', 'footballer']
1189	['film', 'actress']
1190	['member', 'elections', 'constituency']
1191	['tributary', 'boiling', 'river', 'world']
1192	['pronunciation', 'municipality', 'province']
1193	[]
1194	['genus', 'moths', 'family']
1195	['services', 'network']
1196	['comics', 'artist', 'strip']
1197	['district', 'electorate', 'state']
1198	['comedy', 'film']
1199	['butterfly', 'family']
1200	['footballer', '1950s']
1201	['actress', 'teacher']
1202	['college', 'football', 'player', 'veteran', 'printer']
1203	['stohk', 'town', 'county', 'cities']
1204	['family', 'eukaryotes', 'group']
1205	['Lepidochrysops', 'coxii', 'blue', 'butterfly', 'family']
1206	['et', 'priest', 'status']
1207	['competition', 'road', 'cycling', 'events', 'men', 'cycling', 'season']
1208	['healthcare', 'navigation', 'company']
1209	['documentary', 'film']
1210	['stage', 'name', 'rapper', 'singer', 'songwriter', 'record', 'film', 'producer', 'b', 'boy', 'speaker', 'minister']
1211	['alpine', 'skier']
1212	['sponsorship', 'reasons', 'edition']
1213	['netball', 'player', 'league']
1214	[]
1215	['physicist', 'doctor', 'sciences', 'founder', 'school', 'field', 'photography']
1216	['Surveillance', 'television', 'series']
1217	['edition', 'cycle', 'race']
1218	[]
1219	['Odostomia', 'donilla', 'species', 'sea', 'snail', 'gastropod', 'family', 'pyrams', 'allies']
1220	['ships', 'name', 'HNoMS', 'god', 'vengeance', 'son', 'paddlesteam', 'schooner', 'class', 'gunboat', 'minelayer']
1221	['town', 'inhabitants']
1222	['female']
1223	['brand', 'name', 'others', 'medication', 'diabetes', 'mellitus', 'type']
1224	['season', 'competition']
1225	['album', 'musicians', 'string', 'players', 'interpretation', 'label']
1226	['village']
1227	['footballer', 'career', '1960s']
1228	['Resonet', 'voice', 'praise', 'resound', 'century', 'carol', 'today']
1229	['rock', 'singer', 'composer']
1230	['municipality', 'municipality']
1231	['district', 'hospital']
1232	['unit']
1233	['island', 'km']
1234	['conference', 'support', 'group']
1235	['season', 'year', 'goalscorers', 'goals', 'goals', 'goals']
1236	['weightlifter', 'category', 'competitions']
1237	['distance', 'runner']
1238	['Agonopterix', 'dilatata', 'moth', 'family']
1239	['athlete']
1240	['Helicella', 'stiparum', 'species', 'air', 'land', 'snails', 'pulmonate', 'mollusks', 'family', 'snails', 'allies']
1241	['张根生', 'politician']
1242	['format', 'type', 'XML', 'metafile', 'playlist', 'files', 'multimedia', 'presentation']
1243	['composer', 'composer']
1244	['Claoxylopsis', 'plant', 'genus', 'family', 'genus']
1245	['governor']
1246	['ruins']
1247	['beach', 'volleyball', 'player']
1248	['poet', 'recipient', 'work']
1249	['anthropologist', 'physicist', 'writer']
1250	['club']
1251	['decempunctata', 'ladybird', 'lady', 'beetle', 'beetle', 'family']
1252	['commune']
1253	['五十鈴川', 'river', 'source', 'mouth', 'city']
1254	['moth', 'family']
1255	['rag', 'bone', 'man', 'bag', 'board', 'totter', 'household', 'items', 'merchants']
1256	['warrior']
1257	[]
1258	['designer', 'years', 'professor']
1259	['municipality', 'province']
1260	['refugee', 'letter', 'bomb']
1261	['monastery', 'parish']
1262	['aenea', 'species', 'ground']
1263	['castle', 'municipality']
1264	['footballer']
1265	['women', 'football', 'team', 'area']
1266	['chess']
1267	['luger', '1950s']
1268	['genus', 'plants', 'mallow', 'family']
1269	['ambiguus', 'species', 'ants', 'wild']
1270	['television', 'home', 'improvement', 'series']
1271	['football', 'player']
1272	['school', 'area', 'pupils', 'ages']
1273	['snack', 'food', 'company']
1274	['Flute', 'science', 'fiction', 'story', 'writer', 'issue']
1275	['袈裟雄', '今朝雄', 'masculine', 'name']
1276	['town', 'inhabitants']
1277	['Heraltice', 'market', 'town', 'městys']
1278	['gymnast']
1279	['mare', 'sea', 'war', 'film']
1280	['bridge']
1281	['elevation', 'm', 'ft', 'mountain', 'pass', 'department', 'les']
1282	['distance', 'runner']
1283	['school', 'district']
1284	['learning', 'extension', 'learning', 'body', 'knowledge', 'contacts', 'enclave', 'technology', 'medicine', 'period', 'country', 'foreigners', 'shogunate', 'policy', 'isolation', 'sakoku']
1285	['track', 'field', 'athlete']
1286	['soccer', 'player', 'Wolves']
1287	['co', '-', 'school', 'students', 'K', 'grade']
1288	['footballer']
1289	['Husband', 'film']
1290	['Nocardioides', 'genus', 'family']
1291	['variegata', 'tree']
1292	['Nerds', 'Heart', 'events', 'service']
1293	['tort', 'law', 'case', 'test', 'duty', 'care']
1294	['engineer', 'contributions', 'power', 'systems', 'design', 'converters']
1295	['tomentosa', 'species', 'plant', 'family']
1296	['ˈvrɤx', 'ˈnɛvʎɐ', 'ice', 'peak', 'm']
1297	['Doomtree', 'hip', 'hop', 'record', 'label']
1298	['wildlife', 'worker', 'personality', 'animal', 'rights', 'activist']
1299	['tennis', 'tournament', 'courts']
1300	['rat', 'lugens', 'species', 'rodent', 'family']
1301	['city', 'baseball', 'park', 'working', 'class', 'neighborhood']
1302	['sand', 'beach']
1303	['volleyball', 'player']
1304	['door', 'fastback']
1305	['rower']
1306	['commune', 'et', 'Loire', 'department', 'region']
1307	['author', 'columnist', 'obituaries', 'editor']
1308	['rock', 'subgenre', 'reggae', 'fusion', 'rock', 'music', 'genres', 'reggae', 'rock', 'ska']
1309	['Diabloceratops', 'lo', 'ser', 'tops', 'genus', 'ceratopsian', 'dinosaur']
1310	['Sabino', 'municipality', 'region', 'kilometres', 'mi', 'kilometres', 'mi', 'southeast']
1311	['autobiography']
1312	['limatus', 'species', 'sea', 'snail', 'gastropod', 'family', 'whelks']
1313	['Texacephale', 'genus', 'basal', 'pachycephalosaurid', 'dinosaur', 'stage']
1314	['encounter', 'event']
1315	['Schistura', 'devdevi', 'species', 'ray', 'fish', 'stone', 'loach']
1316	['locality']
1317	['del', 'tennis', 'tournament', 'courts']
1318	['compilation', 'album', 'band', 'band', 'label']
1319	['department']
1320	['football', 'team', 'football', 'team', 'football', 'season']
1321	['animation']
1322	['motorcycle', 'manufacturer']
1323	['president', 'der', 'death']
1324	['Fexhe', 'Walloon', 'municipality', 'province']
1325	['businessman', 'politician']
1326	['demo', 'bundle', 'release', 'volume', 'illustrations', 'friend', 'band', 'copy', 'demo', 'years']
1327	['tennis', 'tournament', 'clay', 'courts']
1328	['drag', 'queen', 'singer', 'songwriter']
1329	['deity', 'moisture', 'air', 'dew', 'rain', 'religion']
1330	['peer', 'journal', 'pathology']
1331	['fessa', 'moth', 'family']
1332	['settlement', 'district', 'north']
1333	['diphenhydramine', 'monoacefyllinate', 'agent']
1334	['village', 'district', 'name', 'stream']
1335	['Woman', 'painting', 'painter', 'style']
1336	['footballer', 'forward', 'teams', 'others']
1337	['liupanensis', 'species', 'amphibian', 'family']
1338	['کیماڑی', '\u200e', 'town', 'parts', 'city', 'coastline', 'beaches', 'islands', 'forests']
1339	['excellence', 'music', 'artists', 'radio', 'stations', 'magazine']
1340	['subsection', 'section', 'order', 'flies']
1341	['countries', 'television', 'film']
1342	['football', 'manager', 'player', 'FA', 'club']
1343	['نادي', 'club', 'basketball', 'program']
1344	['Revenge', 'corsaro', 'adventure', 'film']
1345	['ˈdɾeːnskɔ', 'ˈɾɛːbɾɔ', 'settlement']
1346	['mile']
1347	['database', 'management', 'system']
1348	['Love', 'drama', 'film']
1349	['band']
1350	['Order', 'order', 'chivalry']
1351	['horror', 'novel', 'book', 'series', 'title']
1352	['H.']
1353	['Schools', 'organisation', 'education', 'girls', 'sex', 'girls', 'schools', 'image', 'development', 'girls', 'schools']
1354	['building', 'convention', 'exhibition', 'center']
1355	['politician']
1356	['suburb', 'north']
1357	['servant', 'advisor', 'king']
1358	['discoidea', 'dancing', 'spider', 'orchid', 'antelope', 'orchid', 'bee', 'orchid', 'species', 'orchid', 'endemic', 'south', 'west']
1359	['general']
1360	['house', 'house']
1361	['°', '°', 'miles', 'km']
1362	['footballer', 'club']
1363	['dermatosis', 'classes', 'skin', 'conditions', 'skin', 'eruptions']
1364	['play', 'playwright', 'actor']
1365	['surname']
1366	['season', 'tier', 'football', 'league', 'system']
1367	['nobleman']
1368	['video', 'game', 'developer']
1369	['twin', 'cars', 'model', 'years']
1370	['siglum', 'numbering', 'manuscript', 'paper', 'leaves']
1371	['events', 'football', 'game', 'tie']
1372	['Tucket', 'Gold', 'novel']
1373	['basketball', 'player']
1374	[]
1375	['studio', 'album', 'pop', 'band', 'Chvrches']
1376	['harlingii', 'species', 'plant', 'family']
1377	['pop']
1378	['splendens', 'species', 'beetle', 'genus', 'family']
1379	['blues', 'song']
1380	['footballer', 'left']
1381	['e', 'Translation', 'dwarf', 'witch', 'title', 'adult', 'film']
1382	['nurse', 'nursing', 'administrator', 'community', 'worker', 'feminist']
1383	['congregation']
1384	['warfare', 'training', 'squadron', 'EA-6B', 'jets']
1385	['עומר', 'ורד\u200e', 'footballer']
1386	['school', 'part']
1387	['song', 'pop', 'group', 'collaboration', 'singer', 'songwriter']
1388	['sportsperson', 'hurling']
1389	['e', 'village']
1390	['stage', 'name', 'singer', 'actress']
1391	['alpine', 'skier']
1392	['football', 'quarterback', 'season']
1393	['handschini', 'species', 'damselfly', 'family']
1394	['surname']
1395	['2DVD', 'recording', 'performances']
1396	['Chaloult', 'surname']
1397	['film', 'actress', 'work', 'film', 'industry', 'language', 'films', 'Biography']
1398	['lawyer', 'transition', 'democracy']
1399	['compilation', 'album', 'works', 'songs', 'movies']
1400	['music', 'duo']
1401	['athlete', 'sprinting', 'events']
1402	['player']
1403	[]
1404	['football', 'team', 'football', 'players', 'organizations', 'teams', 'football', 'season']
1405	['painting']
1406	['oil', 'company']
1407	['connectivity', 'Route', 'plan', 'map', 'References']
1408	['cricketer', 'batsman']
1409	['season', 'season', 'franchise']
1410	['men', 'basketball', 'team', 'college', 'basketball', 'program']
1411	['MOEX', 'jī', 'Khó', 'Pō͘', 'level', 'policy', 'body', 'agency', 'administration', 'examinations', 'supervision', 'contract', 'examinations']
1412	['Blaya', 'stage', 'name', 'singer', 'dancer']
1413	['adiastola', 'species', 'cutworm', 'moth', 'family']
1414	['prelate', 'bishop']
1415	['submarine', 'U', '-', 'boat']
1416	['footballer', 'midfielder']
1417	['company']
1418	['part']
1419	['manufacturer', 'organs', 'keyboards', 'pianos', 'communes']
1420	['Shooting', 'car', 'body', 'style', '1890s', 'horse', 'wagon', 'parties', 'equipment', 'game']
1421	['engineer', 'astronaut', 'trainee', 'backup', 'astronaut']
1422	['body', 'sport', 'field', 'hockey']
1423	['footballer', 'midfielder']
1424	['film', 'producer']
1425	['Francisco']
1426	['prostitute']
1427	['genus', 'spiders', 'family']
1428	['professor', '19th', 'century']
1429	['family', 'caecilians', 'caecilians', 'caecilians', 'countries']
1430	['acre', 'state', 'park', 'region']
1431	['comedy', 'film']
1432	['asiatica', 'juneberry', 'serviceberry', 'species', 'genus']
1433	['basketball', 'player']
1434	['fibula', 'species', 'sea', 'snail', 'gastropod', 'family', 'whelks']
1435	['staging', 'premier', 'football', 'tournament', 'boys', 'age']
1436	['Cinsyla', 'actress', 'descent']
1437	['ياعلي', 'village']
1438	['politician', 'lawyer', 'academic', 'businessman']
1439	['fluctuans', 'species', 'minnow', 'mayfly', 'family']
1440	['species']
1441	['actress']
1442	['archives', 'individuals', 'churches', 'associations', 'history']
1443	['bullfighter']
1444	['cricketer']
1445	['B', 'type', 'proanthocyanidin']
1446	['football', 'player']
1447	['village']
1448	['surname']
1449	['golfer']
1450	['O', 'alpha', 'L', 'beta', 'D', 'glucosidase']
1451	['school']
1452	['appointment', 'pleasure', 'responsibility', 'justice']
1453	['Governments', 'accord']
1454	['jumper']
1455	['county', 'use', 'airport']
1456	['footballer', 'attacking', 'midfielder']
1457	['airport', 'town']
1458	['village']
1459	['list', 'listings']
1460	['footballer', 'back']
1461	['chloasma', 'mask', 'pregnancy', 'women', 'skin', 'discoloration']
1462	['single', 'girl', 'idol', 'group', 'mileage']
1463	[]
1464	['آغا', 'ad', 'agency', 'focus', 'explosion', 'refugee', 'issues']
1465	['town', 'market', 'center']
1466	['cartographer']
1467	['theatre', 'director']
1468	['canaryensis', 'species', 'sea', 'snail', 'gastropod', 'micromollusk', 'family']
1469	['village']
1470	['musician', 'language', 'singer']
1471	['painter', 'printmaker']
1472	['businessman']
1473	['cotton', 'name', 'plants', 'forms', 'plants', 'cotton', 'genus', 'cannabinum']
1474	['thunderbolt', 'lightning', 'bolt', 'representation', 'lightning', 'thunderclap']
1475	['visitor', 'attraction', 'village']
1476	['soccer', 'player']
1477	['commune', 'department', 'region']
1478	['football']
1479	['species', 'plant', 'olive', 'family', 'hills']
1480	['°', 'peak', 'end']
1481	['commune', 'department']
1482	['genus', 'salt', 'snails', 'operculum', 'gastropod', 'mollusks', 'family']
1483	['music', 'project', 'music', 'producer', 'nineties']
1484	['character', 'books']
1485	['footballer']
1486	['Pterois', 'russelii', 'plaintail', 'soldier', 'lionfish', 'species', 'part']
1487	['river', 'northwest']
1488	['staging', 'establishment']
1489	['Love', 'Love', 'studio', 'album', 'rock', 'band']
1490	['language', 'film']
1491	['writer', 'author', 'stories', 'novels', 'children', 'teenagers', 'pleasure', 'adults']
1492	[]
1493	['surfer']
1494	['contact', 'star', 'system', 'constellation', '±', 'years']
1495	[]
1496	['villagers']
1497	['李莎旻子', 'pinyin', 'actress', 'singer', 'songwriter', 'television', 'presenter']
1498	['swimmer']
1499	['lists', 'laureates', 'listings', 'winners', 'prizes']
1500	['municipalities', 'municipios', 'state', 'census', 'municipality', 'population']
1501	['piece', 'country', 'blues', 'band']
1502	['football', 'defender']
1503	['Qahremanluy', 'village']
1504	['tennis', 'tournament', 'courts']
1505	['Foundation']
1506	['season', 'season', 'franchise']
1507	['biologist', 'professor', 'plant', 'biotechnology', 'plant', 'protection']
1508	['member', 'officer', 'figure', 'attempt', 'treaty', 'participation', 'allies']
1509	['kyrka', 'church']
1510	['responsibility']
1511	['artist', 'division']
1512	['electron', 'capture', 'decay', 'mode', 'nucleus']
1513	['footballer', 'club', 'midfielder']
1514	['village', 'district', 'state']
1515	['film', 'actress', 'era', 'director']
1516	['municipality', 'region', 'kilometres', 'mi']
1517	['municipality', 'state', 'region']
1518	['Dorcadion', 'sturmii', 'species', 'beetle', 'family']
1519	['village', 'parish', 'authority', 'county']
1520	['rapper', 'actor']
1521	['stage', 'name', 'DJ', 'house', 'music', 'music', 'music', 'producer']
1522	['-', 'K', 'school', 'students']
1523	['espagnole', 'minor']
1524	['gmina', 'district']
1525	['group', 'fashion', 'colleges']
1526	['Počekovina', 'village', 'municipality']
1527	['species', 'timber', 'tree']
1528	['dam', 'power', 'station']
1529	['director', 'filmmaker', 'musician']
1530	[]
1531	['name', 'performance', 'luxury', 'automobiles', 'automobile', 'manufacturer']
1532	['burgeoni', 'species', 'ground']
1533	['district', 'city', 'center']
1534	['landscape', 'painter']
1535	['star', 'years', 'constellation', 'center']
1536	['footballer', 'defender']
1537	['Sensweiler', 'municipality', 'kind', 'municipality', 'district']
1538	['women', 'football', 'team']
1539	['species', 'beetle', 'family']
1540	['Blatnaya', 'pesnya', 'песня', 'criminals', 'song', 'genre', 'song', 'depictions', 'subculture', 'underworld', 'humor', 'nature']
1541	[]
1542	[]
1543	['octopunctata', 'species', 'beetle', 'family', 'type', 'species', 'genus']
1544	['隆之', 'car', 'driver', 'author', 'journalist']
1545	['2009–10', 'season', 'tier', 'football']
1546	['computer', 'scientist', 'research', 'concerns', 'theory', 'intersection', 'graphs']
1547	['studio', 'album']
1548	['indie', 'pop', 'band', 'Girls', 'song', "'re", 'release', 'album', 'TV', 'album']
1549	['football', 'midfielder']
1550	['sportsman', 'football', 'player', 'manager', 'poet', 'writer', 'politician', 'member', 'rules', 'footballer', 'politician', 'author', 'footballer', 'theatre', 'designer', 'author', 'field', 'hockey', 'player', 'election', 'disambiguation']
1551	['ice', 'hockey', 'player']
1552	['jazz', 'standard', 'orchestra', 'members']
1553	['village', 'municipality']
1554	['ice', 'hockey', 'winger']
1555	['designation', 'people', 'descent', 'citizens', 'residents']
1556	['conglomerate', 'enterprise']
1557	['tupaci', 'moth', 'family']
1558	['ˈzd͡ʑivui̯', 'village', 'district', 'east']
1559	['flava', 'crab', 'spider', 'species']
1560	['actress']
1561	['football', 'rivalry', 'college', 'football', 'rivalry', 'game', 'universities']
1562	['song', 'air']
1563	['ˈɛməʁɪç', 'film', 'director', 'screenwriter', 'producer', 'disaster', 'films']
1564	['times', 'canals', 'times', 'city', 'capital']
1565	['character', 'series', 'science', 'fiction', 'novels']
1566	['genus', 'mollusc']
1567	['football', 'team', 'football', 'players', 'players', 'football', 'season']
1568	['sprint']
1569	['street', 'gang', 'century']
1570	['藤原', '兼輔', '中納言兼輔', '堤中納言', 'poet', 'nobleman']
1571	['°', '°', 'rock', 'middle']
1572	['inframundus', 'water', 'fish', 'family']
1573	[]
1574	['village', 'district']
1575	['chimney', 'landmark', 'neighbourhood']
1576	['football', 'receiver']
1577	['movement', 'trend', 'arts', 'movement']
1578	['place', 'part', 'air', 'raids', 'closing', 'months', 'war']
1579	['football', 'Alumni', 'championship', 'time', 'seasons']
1580	[]
1581	['محمدرضا', 'member', 'authorities', 'bomb', 'headquarters', 'officials']
1582	['Averrhoa', 'bilimbi', 'cucumber', 'tree', 'tree', 'sorrel', 'fruit', 'tree', 'genus', 'family']
1583	[]
1584	['Cattedrale', 'di', 'cathedral']
1585	['population', 'geneticist']
1586	['film', 'TV', 'producer', 'director', 'film']
1587	['handball', 'player', 'team']
1588	['family', 'family']
1589	['species', 'beetle', 'family', 'species', 'genus']
1590	['camp', 'meeting']
1591	['surname']
1592	['subsidiary', 'building', 'brewery', 'heart']
1593	[]
1594	['genus', 'bats', 'family']
1595	['creek', 'creek', 'miles', 'km', 'direction']
1596	['Events', 'year', 'Incumbents', 'Monarch', 'Events', 'Births', 'Deaths', 'References', 'Media']
1597	['aid', 'navigation', 'coast']
1598	['banka', 'bank']
1599	['village', 'municipality']
1600	['football', 'season', 'season', 'college', 'football', 'teams']
1601	['Year', 'leap', 'year', 'link', 'calendar', 'calendar']
1602	['rock', 'music', 'group']
1603	['singer', 'artist', 'entertainer', 'cartoonist']
1604	['species', 'family']
1605	['theater']
1606	['village', 'parish', 'part', 'district']
1607	[]
1608	['bishop']
1609	['servant', 'politician']
1610	['stadium']
1611	['Hail', 'video', 'game']
1612	['ice', 'hockey', 'player', 'team']
1613	['districts', 'tuman', 'capital']
1614	['AM', 'radio', 'station', 'country', 'music', 'format']
1615	['district', 'city']
1616	['singer', 'television', 'presenter', 'writer']
1617	['science', 'fiction', 'novel', 'writer']
1618	['Sista', 'paret', 'drama', 'film']
1619	['hotel', 'apartment', 'building', 'downtown']
1620	['drama', 'film']
1621	['motte', 'bailey', 'castle', 'village']
1622	['footballer']
1623	['Saljhundi', 'village', 'development', 'committee']
1624	['microbiologist', 'president']
1625	['Pseudagrion', 'genus', 'damselfly', 'family', 'species']
1626	['world']
1627	['town', 'municipality']
1628	['interpositus', 'species', 'bug', 'family', 'countries', 'part']
1629	['species', 'snout', 'genus']
1630	['languages', 'ภาษาไท', 'transliteration', 'branch', 'language', 'family']
1631	['superhero', 'film', 'character']
1632	['island', 'coast', 'municipality']
1633	['surname']
1634	['line', 'mid', '-', 'junction', 'railway', 'station', 'section']
1635	['scientist', 'inventor', 'engineer']
1636	['footballer', 'midfielder']
1637	['composer']
1638	['community', 'district', 'state']
1639	['division', 'electronics', 'company', 'consumer', 'electronics', 'appliances']
1640	['Demolition', 'science', 'engineering', 'buildings', 'man', 'structures']
1641	['artist', 'portrait', 'flower', 'paintings']
1642	['transform', 'fault', 'zone', 'pull', 'basin', 'ridge', 'floor']
1643	['season', 'team', '44th']
1644	['הסתדרות', 'umbrella', 'organization', 'pharmacies', 'pharmacists']
1645	['football', 'player', 'coach']
1646	['FIBA', 'edition']
1647	['genus', 'plants', 'family']
1648	['name']
1649	[]
1650	['葵', 'baseball', 'outfielder']
1651	['composer', 'operettas']
1652	['Lists', 'List', 'churches', 'churches', 'churches', 'churches', 'churches', 'disambiguation']
1653	['politician', 'period']
1654	['Swallows', 'episode', 'season']
1655	['demonology', 'legions', 'demons', 'rule']
1656	['footballer', 'defender']
1657	['album', 'label']
1658	['Suicide', 'song', 'music', 'lyrics']
1659	['domination']
1660	['fell']
1661	['barb', 'barb', 'species', 'group', 'barbs', 'barbels']
1662	['baseball', 'pitcher']
1663	['regency', 'province']
1664	['football', 'team', 'football', 'team', 'A', 'football', 'season']
1665	['コレ', 'manga', 'artist']
1666	['surname']
1667	['Weakness', 'song', 'singer']
1668	['sports', 'ground', 'capital']
1669	['population', 'reserve']
1670	['officer']
1671	['warships']
1672	[]
1673	['town', 'municipality']
1674	['woredas']
1675	['artist', 'work', 'aestheticism', 'art', 'movement']
1676	['Girl', 'drama', 'film']
1677	['Mission', 'novel', 'science', 'fiction', 'television', 'series']
1678	['aircraft', 'manufacturer']
1679	['smartphones']
1680	['surname']
1681	['events']
1682	['ice', 'hockey']
1683	['resource', 'community', 'health', 'concerns', 'genetics', 'people']
1684	['Juggler', 'actor']
1685	['reservoir', 'water', 'district', 'area', 'meters']
1686	['airport']
1687	['snooker', 'tournament', 'place']
1688	['しょーや', 'metal', 'rock', 'band']
1689	['biscuit', 'manufacturer', 'politician', 'life']
1690	['Hallsands', 'village', 'beach', 'position', 'cliffs', 'sea', 'north', 'south']
1691	['pronunciation', 'archbishop']
1692	['football', 'team', 'football', 'season']
1693	['IAST']
1694	['rugby', 'footballer', 'lock', 'row', '2000s']
1695	['settlement', 'area', 'sand', 'dunes', 'peninsula']
1696	['der', 'der', 'frigate', 'der', 'battleship', 'Friedrich', 'der', 'passenger', 'ship', 'transport', 'ship']
1697	['community', 'province']
1698	['place', 'paraglider']
1699	['كمال', 'president', 'office', 'club', 'period', 'term', 'symbols', 'handball', 'team', 'club', 'championships', 'seventies', 'eighties', 'generation', 'federation', 'boxing', 'candidate', 'president', 'favor', 'presidency']
1700	['Man', 'drama', 'film']
1701	['rugby', 'union', 'player']
1702	[]
1703	['dynasty', 'period', 'mosque']
1704	['writer']
1705	['Dolichoplomelas', 'elongatus', 'species', 'beetle', 'family', 'species', 'genus']
1706	['singer', 'songwriter', 'bandleader', 'radio', 'TV', 'personality', 'cornerstone', 'country', 'music', 'years', '1930s', 'right', 'member']
1707	['genus', 'crane', 'family', 'Limoniidae']
1708	['stage', 'name', 'rock', 'musician', 'leader', 'rock', 'bands', 'solo', 'career']
1709	['computing', 'union', 'mount', 'filesystem', 'implementation']
1710	['school', 'district']
1711	['سيدي', 'البلاغ\u200e', 'mosque', 'hood', 'suburb']
1712	['TC', 'miles']
1713	['bridge', 'player', 'author', 'commentator', 'journalist']
1714	['poet', 'writer']
1715	['municipality', 'town', 'province']
1716	['achievements', 'engine', 'race', 'cars']
1717	['Bleach', '2nd', 'BLEACH', '黒衣ひらめく鎮魂歌（レクイエム', '2nd', 'game']
1718	['Year', 'year', 'link', 'calendar', 'calendar']
1719	['elevation', 'feet']
1720	['handball', 'player', 'team']
1721	['locality', 'village']
1722	['du', 'horse', 'race', 'year', 'thoroughbreds']
1723	['racing', 'driver']
1724	['year', 'music', 'events']
1725	['秋葉', '陽一', 'football', 'player']
1726	['football', 'coach', 'player']
1727	[]
1728	['season', 'season', 'teams']
1729	['genus', 'moths', 'Tortricinae', 'family']
1730	['pioneer', 'settler', 'county', 'official']
1731	['poet', 'poetry', 'forms', 'Ballads', 'Epics', 'felicity']
1732	['brand', 'name', 'video', 'demand', 'company', 'video', 'services', 'view', 'subscribers']
1733	['database', 'management', 'system', 'programming', 'library']
1734	['cazae', 'species', 'sea', 'slug', 'nudibranch', 'gastropod', 'family']
1735	['football', 'stadium']
1736	['Girl', 'rock', 'duo', 'Kings']
1737	['science', 'fiction', 'author']
1738	['Passione', 'sinistra', 'comedy', 'film']
1739	['Trichotheca', 'genus', 'leaf', 'beetles']
1740	['Nature', 'Nurture', 'Genes', 'Experience', 'book', 'interaction', 'environment', 'genes', 'development']
1741	['حسن', 'cricketer', 'years', 'involvement', 'spot', 'fixing']
1742	['village', 'district', 'north']
1743	['trade', 'agreement']
1744	['genus', 'moths', 'family']
1745	['novel', 'author']
1746	['Psychology', 'peer', 'journal', 'fields', 'psychology', 'women', 'studies', 'health', 'women']
1747	['melon', 'type', 'melon', 'cross', 'flesh', 'melon', 'cultivar', 'rind', 'melon', 'cultivar']
1748	['municipality', 'district']
1749	['peer', 'journal', 'philosophy', 'department']
1750	['cemetery', 'village']
1751	['flight', 'route']
1752	['Wind', 'poem', 'music', 'composer']
1753	['años', 'perdidos', 'title', 'years', 'telenovela']
1754	['village', 'tehsil', 'district']
1755	['comedy', 'drama', 'film', 'comedy', 'group', 'member']
1756	['event', 'place']
1757	['lawyer', 'rights', 'activist']
1758	['arc', 'system']
1759	['Shinkailepas', 'briandi', 'species', 'sea', 'snail', 'gastropod', 'family']
1760	['road', 'vehicle']
1761	['judoka']
1762	['author', 'novel']
1763	['oviparus', 'species', 'velvet', 'worm', 'family']
1764	['formula', 'succinate', 'acid', 'acid']
1765	['m', 'cove', 'coast', 'northeast', 'southwest']
1766	['membership']
1767	['author', 'folk', 'singer', 'freelance', 'journalist', 'lawyer']
1768	['briseis', 'moth', 'family']
1769	['Strzyżyna', 'stʂɨˈʐɨna', 'village', 'district', 'east']
1770	['football', 'manager', 'player']
1771	['TV', 'show', 'broadcast', '1970s', '1980s']
1772	['di', 'calcio', 'femminile', 'women', 'football', 'competition', 'winner', 'winner']
1773	['airline']
1774	['state', 'agency']
1775	['commander', 'official', 'Enderase', 'latter', 'appointment', 'heir', 'throne']
1776	['election', 'place', 'order']
1777	['developer', 'grower', 'marketer', 'fruit', 'vegetable', 'seeds', 'world']
1778	['women', 'ice', 'hockey', 'program']
1779	['singer']
1780	['Schmedeswurth', 'municipality', 'district']
1781	['moerens', 'species', 'water', 'scavenger', 'family']
1782	['officer', 'years']
1783	['footballer', 'striker']
1784	['master', 'weaver', 'mastery', 'art', 'dyeing', 'tradition', 'handloom', 'creations']
1785	['pronunciation', 'sources', 'audiences', 'singer', 'songwriter', 'height', 'popularity', '1960s', '1970s']
1786	['family', 'alloys', 'metal', 'zinc', 'elements', 'aluminium', 'magnesium', 'copper']
1787	['oval', 'leaf', 'grevillea', 'shrub', 'areas']
1788	['Wallaces', 'newspaper']
1789	['peak', 'part']
1790	['conformista', 'novel', 'life', 'desire', 'normalcy', 'government', 'official', 'period']
1791	['range']
1792	['railway', 'station', 'station', 'code', 'railway', 'station', 'district']
1793	['village', 'district']
1794	['Paratupua', 'genus', 'araneomorph', 'spiders', 'family']
1795	['law', 'enforcement', 'officer', 'counties']
1796	['businessman', 'philanthropist', 'food', 'processing', 'distribution', 'company']
1797	['telescope', 'refracting', 'telescope']
1798	['-', 'commune', 'department']
1799	['grey', 'shrike', 'sphenocercus', 'species', 'bird', 'family']
1800	['luger']
1801	[]
1802	['football', 'match', 'winners', 'season', 'competitions']
1803	[]
1804	['airport', 'town']
1805	['actress']
1806	['series', 'kei', 'unit', 'train', 'type', 'subway', 'operator', 'subway']
1807	['jurisdiction', 'part']
1808	['Malacobdellidae', 'family']
1809	['professor', 'law', 'independent', 'group']
1810	['actor']
1811	['Agriș', 'Hungarian', 'Egri', 'pronunciation', 'ɛɡri', 'commune']
1812	['commune', 'department']
1813	['season', 'establishment']
1814	['swimmer', 'vision', 'impairment', 'medals']
1815	['glossary', 'economics', 'list', 'definitions', 'terms', 'concepts', 'economics', 'sub', '-', 'disciplines', 'fields']
1816	['politician']
1817	['subspecies', 'beetle', 'family']
1818	['ceramics', 'specialist', 'publications']
1819	['congdonii', 'name', 'lewisia', 'species', 'plant', 'family']
1820	['society', 'information', 'development', 'products']
1821	['i', 'organization']
1822	['film', 'theorist']
1823	['division']
1824	['frogs']
1825	['Arrissoules', 'village', 'district']
1826	['Potassium', 'ascorbate', 'compound', 'formula']
1827	['relations', 'Lithuanian', 'santykiai', 'relations']
1828	['church', 'province']
1829	['team']
1830	['Palumäe', 'village']
1831	['ice', 'dancer']
1832	['دلفان', 'village']
1833	['lighthouse']
1834	['song']
1835	['بادکنک', 'sefid', 'film', 'screenplay']
1836	['library']
1837	['rugby', 'union', 'footballer', 'centre', 'competition', 'club']
1838	['hedbergii', 'species', 'plant', 'family']
1839	['part', 'reality', 'programme']
1840	['century', 'reformer', 'writer', 'abolitionist', 'suffragist', 'women', 'rights', 'worker', 'temperance', 'worker', 'relief', 'worker']
1841	['attack', 'settlers']
1842	['philosopher', 'diplomat', 'educator']
1843	['board', 'focus', 'awareness', 'contributions', 'success']
1844	['village', 'district']
1845	[]
1846	['flag']
1847	['blues', 'player', 'singer']
1848	['painter', 'subjects', 'others']
1849	['snooker', 'player']
1850	['manga', 'series']
1851	['mine', 'mining', 'project', 'conflict', 'government']
1852	['lawyer', 'circuit', 'court', 'judge', 'rights', 'activist', 'author', 'film', 'actor']
1853	['municipality', 'region', 'kilometres', 'mi', 'south']
1854	['track', 'roller']
1855	[]
1856	['settlement']
1857	['Banquet', 'horror', 'novel', 'author']
1858	['creator', 'role', 'opera']
1859	['rugby', 'union', 'footballer']
1860	['officers']
1861	['Microinjection', 'use', 'glass', 'substance', 'borderline', 'level']
1862	['sports', 'radio', 'personality']
1863	['item', 'choice', 'questionnaire', 'use', 'severity', 'episodes', 'children', 'adults']
1864	['village']
1865	['Blombos', 'site', 'km', 'coastline']
1866	['district', 'region']
1867	['actress', 'author', 'wife']
1868	['list', 'shipwrecks', 'ships']
1869	['吳佩慈', 'pinyin', 'model', 'actress', 'singer']
1870	['woman', 'examination']
1871	['fusculus', 'species', 'midges', 'family']
1872	['village', 'district', 'east']
1873	['LOL', 'airport', 'miles']
1874	['mullet', 'silver', 'mullet', 'curema', 'fish', 'family']
1875	['state', 'railway', 'company']
1876	['reed', 'warbler', 'Acrocephalus', 'vaughani', 'songbird']
1877	['village', 'parish']
1878	['distichum', 'shrub', 'endemic']
1879	['commune', 'department']
1880	['association', 'football', 'defender']
1881	['Antias', 'archipelago', 'south', 'northwest', 'north', 'east']
1882	[]
1883	['train', 'station']
1884	['clubwoman', 'women', 'suffrage', 'activist', 'newspaper', 'journalist', 'author']
1885	['island']
1886	['basketball', 'player']
1887	['village', 'development', 'committee', 'No']
1888	['C', 'terminal', 'processing', 'peptidase']
1889	['writer', 'mechanic', 'tradesman', 'collection', 'books', 'literature']
1890	['film', 'producer', 'films', 'world', 'premiere']
1891	['gravida', 'species', 'sea', 'snail', 'cowry', 'gastropod', 'family', 'cowries']
1892	['optima', 'species', 'land', 'snail', 'operculum', 'gastropod', 'mollusk', 'family', 'helicinids']
1893	['scholar', 'poet']
1894	['politics', 'place', 'framework', 'republic', 'head', 'state', 'head', 'government']
1895	['cyclist']
1896	['fuels', 'pellets', 'biofuels', 'matter', 'biomass']
1897	['subtribe', 'moths', 'family']
1898	['rock', 'band']
1899	['magician']
1900	['Potatoes', 'rhythm', 'blues']
1901	['species', 'sea', 'snail', 'gastropod', 'family']
1902	['politician']
1903	['football', 'team', 'football', 'team']
1904	['film', 'director', 'actor', 'screenwriter', 'producer']
1905	['galaxy', 'years', 'constellation']
1906	['E', '-', 'E', 'E', '-', 'E', '-', 'I', 'episode', 'season', 'sitcom']
1907	['1970–71', 'men', 'basketball', 'team', 'head', 'coach', 'team']
1908	['studio', 'album', 'pop', 'band']
1909	['Soldier', 'studio', 'album', 'rappers']
1910	['sauropodomorph', 'period']
1911	[]
1912	['Hedysarum', 'hedysaroides', 'name', 'herb', 'family']
1913	['rise', 'building', 'downtown']
1914	['fraterculus', 'species', 'beetle', 'family']
1915	['designation', 'shi', 'Interceptor', 'fighter', 'interceptor', 'fighter', 'company', '1940s']
1916	['pulingka', 'species', 'gecko', 'endemic']
1917	['librarian']
1918	['district']
1919	['pharaoh']
1920	['moth', 'family']
1921	['horse', 'race', 'Course']
1922	['equivalent']
1923	['Cölpin', 'municipality', 'district']
1924	['particle', 'physicist']
1925	['violinist']
1926	['band']
1927	['ᑰᔾᔪᐊᕌᐱᒃ', 'river', 'village', 'community', 'mouth', 'coast']
1928	['swimmer', 'butterfly', 'events']
1929	['doping', 'case', 'scandal', 'winner']
1930	['genus', 'curtain', 'web', 'spiders', 'species']
1931	['edition', 'plays']
1932	['politician', 'District', 'cities', 'parts', 'election', 'months', 'term', 'death', 'mother']
1933	['defender', 'midfielder']
1934	['species', 'ant', 'genus', 'wood', 'ants', 'ants', 'field', 'ants', 'family']
1935	['pri', 'settlement']
1936	['knighthood', 'order']
1937	['mountain']
1938	['Boss', 'boss', 'strip']
1939	['politician', 'chemist', 'businessman']
1940	['town', 'east']
1941	['für', 'junge', 'prize']
1942	['album', 'jazz', 'saxophonist', 'label']
1943	['people', 'expatriates', 'emigrants', 'descendants']
1944	['charity', 'advice', 'support', 'energy', 'projects', 'community', 'groups']
1945	['railway', 'station', 'railway', 'station', 'railway', 'line']
1946	['town', 'commune']
1947	['rosea', 'name', 'slit', 'shell', 'species', 'sea', 'snail', 'gastropod', 'family']
1948	['Dipeptidyl', 'peptidase', 'enzyme', 'humans', 'gene']
1949	['age', 'comedy', 'film']
1950	['macroleuca', 'moth', 'family']
1951	['basketball', 'player']
1952	['waste', 'disposal', 'site']
1953	['list', 'LGBT', 'characters', 'fiction']
1954	['passenger', 'flight']
1955	['canal']
1956	['name', 'turrid', 'species', 'sea', 'snail', 'gastropod', 'family']
1957	['cricketer']
1958	['Agha', 'slave', 'Girls', 'ağa', 'head', 'eunuchs']
1959	['railway', 'station']
1960	['antibiotic', 'treatment', 'infections', 'bacteria', 'antibiotics']
1961	['chocolata', 'species', 'sea', 'snail', 'gastropod', 'family', 'pyrams', 'allies']
1962	['station', 'district']
1963	['cove', 'kilometres', 'mi', 'north']
1964	['video', 'game', 'series']
1965	['existence', 'police', 'force']
1966	['genus', 'leaf', 'beetles', 'family']
1967	['village']
1968	['Viëtor', 'ˈvɪlhɛlm', 'phonetician', 'language', 'educator']
1969	['architect']
1970	['NY', 'state', 'highway', 'town']
1971	['actress']
1972	['leader']
1973	['village']
1974	['economist']
1975	['色葉字類抄', '伊呂波字類抄', 'Characters', 'order', 'century', 'dictionary', 'characters']
1976	['film', 'director', 'producer', 'animator', 'voice', 'actor', 'author', 'art', 'engines', 'video', 'games', 'films']
1977	['name', 'dialect', 'programming', 'language', 'implementation', 'collaboration', 'software', 'vendor']
1978	['-', 'publications', 'e', '-', 'journal', 'e', '-', 'reader']
1979	['handball', 'player']
1980	['Life', 'memoir', 'days', 'steamboat', 'pilot']
1981	['anthology', 'science', 'fiction', 'stories', 'volume', 'series']
1982	['village', 'west']
1983	['genus', 'therapsids']
1984	['footballer', 'centre', 'back']
1985	['troubadour', 'diplomat', 'ambassador', 'court', 'baron', 'century', 'knight', 'troubadour', 'lord', 'knight', 'del', 'fl']
1986	['tennis', 'tournament', 'clay', 'courts']
1987	['commune', 'department']
1988	['crime', 'comedy', 'film', 'remake', 'film', 'Places', 'spin', 'off', 'cult', 'film', 'brothers', 'role']
1989	['deaminase']
1990	['politician', 'term']
1991	[]
1992	['story']
1993	['record', 'executive']
1994	['earthquake']
1995	['village']
1996	['poet']
1997	['AM', 'radio', 'station', 'talk', 'teaching', 'format']
1998	['mountain']
1999	['nematoceran', 'families']
2000	['parish']
